Workbook

Sheet Regions
A1: Region | B1: ShippingPct | C1: PromoPct
A2: North | B2: 0.04 | C2: 0.02
A3: South | B3: 0.06 | C3: 0.01
A4: East | B4: 0.05 | C4: 0.03
A5: West | B5: 0.07 | C5: 0

Sheet Products
A1: ProductCode | B1: ProductName | C1: BasePrice | D1: Category
A2: P001 | B2: Product 1 | C2: 143.11 | D2: B
A3: P002 | B3: Product 2 | C3: 85.43 | D3: A
A4: P003 | B4: Product 3 | C4: 295.72 | D4: C
A5: P004 | B5: Product 4 | C5: 308.02 | D5: B
A6: P005 | B6: Product 5 | C6: 281.45 | D6: B
A7: P006 | B7: Product 6 | C7: 238.62 | D7: C
A8: P007 | B8: Product 7 | C8: 166.76 | D8: C
A9: P008 | B9: Product 8 | C9: 230.43 | D9: B
A10: P009 | B10: Product 9 | C10: 47.48 | D10: B
A11: P010 | B11: Product 10 | C11: 253.6 | D11: A
A12: P011 | B12: Product 11 | C12: 136.64 | D12: B
A13: P012 | B13: Product 12 | C13: 149.18 | D13: A
... A16: P015 | B16: Product 15 | C16: 16.41 | D16: A

Sheet Orders
A1: OrderID | B1: OrderDate | C1: Region | D1: ProductCode | E1: Qty | F1: BasePrice | G1: PromoPct | H1: ShippingPct | I1: NetPrice | J1: ShippingAmount | K1: LineTotal
A2: O-2001 | B2: 45761 | C2: North | D2: P010 | E2: 3 | F2: =VLOOKUP(D2,Products!$A$2:$D$16,3,FALSE) | G2: =VLOOKUP(C2,Regions!$A$2:$C$5,3,FALSE) | H2: =VLOOKUP(C2,Regions!$A$2:$C$5,2,FALSE) | I2: =F2*(1-G2) | J2: =I2*H2*E2 | K2: =I2*E2+J2
A3: O-2002 | B3: 45856 | C3: North | D3: P004 | E3: 8 | F3: =VLOOKUP(D3,Products!$A$2:$D$16,3,FALSE) | G3: =VLOOKUP(C3,Regions!$A$2:$C$5,3,FALSE) | H3: =VLOOKUP(C3,Regions!$A$2:$C$5,2,FALSE) | I3: =F3*(1-G3) | J3: =I3*H3*E3 | K3: =I3*E3+J3
A4: O-2003 | B4: 45915 | C4: North | D4: P002 | E4: 11 | F4: =VLOOKUP(D4,Products!$A$2:$D$16,3,FALSE) | G4: =VLOOKUP(C4,Regions!$A$2:$C$5,3,FALSE) | H4: =VLOOKUP(C4,Regions!$A$2:$C$5,2,FALSE) | I4: =F4*(1-G4) | J4: =I4*H4*E4 | K4: =I4*E4+J4
A5: O-2004 | B5: 45754 | C5: South | D5: P004 | E5: 12 | F5: =VLOOKUP(D5,Products!$A$2:$D$16,3,FALSE) | G5: =VLOOKUP(C5,Regions!$A$2:$C$5,3,FALSE) | H5: =VLOOKUP(C5,Regions!$A$2:$C$5,2,FALSE) | I5: =F5*(1-G5) | J5: =I5*H5*E5 | K5: =I5*E5+J5
A6: O-2005 | B6: 45778 | C6: East | D6: P002 | E6: 1 | F6: =VLOOKUP(D6,Products!$A$2:$D$16,3,FALSE) | G6: =VLOOKUP(C6,Regions!$A$2:$C$5,3,FALSE) | H6: =VLOOKUP(C6,Regions!$A$2:$C$5,2,FALSE) | I6: =F6*(1-G6) | J6: =I6*H6*E6 | K6: =I6*E6+J6
A7: O-2006 | B7: 45980 | C7: West | D7: P002 | E7: 5 | F7: =VLOOKUP(D7,Products!$A$2:$D$16,3,FALSE) | G7: =VLOOKUP(C7,Regions!$A$2:$C$5,3,FALSE) | H7: =VLOOKUP(C7,Regions!$A$2:$C$5,2,FALSE) | I7: =F7*(1-G7) | J7: =I7*H7*E7 | K7: =I7*E7+J7
A8: O-2007 | B8: 45699 | C8: West | D8: P015 | E8: 4 | F8: =VLOOKUP(D8,Products!$A$2:$D$16,3,FALSE) | G8: =VLOOKUP(C8,Regions!$A$2:$C$5,3,FALSE) | H8: =VLOOKUP(C8,Regions!$A$2:$C$5,2,FALSE) | I8: =F8*(1-G8) | J8: =I8*H8*E8 | K8: =I8*E8+J8
A9: O-2008 | B9: 45714 | C9: South | D9: P010 | E9: 2 | F9: =VLOOKUP(D9,Products!$A$2:$D$16,3,FALSE) | G9: =VLOOKUP(C9,Regions!$A$2:$C$5,3,FALSE) | H9: =VLOOKUP(C9,Regions!$A$2:$C$5,2,FALSE) | I9: =F9*(1-G9) | J9: =I9*H9*E9 | K9: =I9*E9+J9
A10: O-2009 | B10: 45924 | C10: East | D10: P013 | E10: 10 | F10: =VLOOKUP(D10,Products!$A$2:$D$16,3,FALSE) | G10: =VLOOKUP(C10,Regions!$A$2:$C$5,3,FALSE) | H10: =VLOOKUP(C10,Regions!$A$2:$C$5,2,FALSE) | I10: =F10*(1-G10) | J10: =I10*H10*E10 | K10: =I10*E10+J10
A11: O-2010 | B11: 46000 | C11: South | D11: P001 | E11: 8 | F11: =VLOOKUP(D11,Products!$A$2:$D$16,3,FALSE) | G11: =VLOOKUP(C11,Regions!$A$2:$C$5,3,FALSE) | H11: =VLOOKUP(C11,Regions!$A$2:$C$5,2,FALSE) | I11: =F11*(1-G11) | J11: =I11*H11*E11 | K11: =I11*E11+J11
A12: O-2011 | B12: 45992 | C12: South | D12: P011 | E12: 12 | F12: =VLOOKUP(D12,Products!$A$2:$D$16,3,FALSE) | G12: =VLOOKUP(C12,Regions!$A$2:$C$5,3,FALSE) | H12: =VLOOKUP(C12,Regions!$A$2:$C$5,2,FALSE) | I12: =F12*(1-G12) | J12: =I12*H12*E12 | K12: =I12*E12+J12
A13: O-2012 | B13: 45849 | C13: West | D13: P014 | E13: 4 | F13: =VLOOKUP(D13,Products!$A$2:$D$16,3,FALSE) | G13: =VLOOKUP(C13,Regions!$A$2:$C$5,3,FALSE) | H13: =VLOOKUP(C13,Regions!$A$2:$C$5,2,FALSE) | I13: =F13*(1-G13) | J13: =I13*H13*E13 | K13: =I13*E13+J13
... A81: O-2080 | B81: 45858 | C81: North | D81: P003 | E81: 12 | F81: =VLOOKUP(D81,Products!$A$2:$D$16,3,FALSE) | G81: =VLOOKUP(C81,Regions!$A$2:$C$5,3,FALSE) | H81: =VLOOKUP(C81,Regions!$A$2:$C$5,2,FALSE) | I81: =F81*(1-G81) | J81: =I81*H81*E81 | K81: =I81*E81+J81

Sheet Dashboard
A1: Region | B1: OrderCount | C1: Revenue
A2: North | B2: =COUNTIF(Orders!$C$2:$C$81,A2) | C2: =SUMIF(Orders!$C$2:$C$81,A2,Orders!$K$2:$K$81)
A3: South | B3: =COUNTIF(Orders!$C$2:$C$81,A3) | C3: =SUMIF(Orders!$C$2:$C$81,A3,Orders!$K$2:$K$81)
A4: East | B4: =COUNTIF(Orders!$C$2:$C$81,A4) | C4: =SUMIF(Orders!$C$2:$C$81,A4,Orders!$K$2:$K$81)
A5: West | B5: =COUNTIF(Orders!$C$2:$C$81,A5) | C5: =SUMIF(Orders!$C$2:$C$81,A5,Orders!$K$2:$K$81)
