Workbook

Sheet Assumptions
A1: Parameter | B1: Value
A2: MarkupPct | B2: 0.35
A3: TaxPct | B3: 0.0825
A4: FX_USD_to_EUR | B4: 0.92
A5: LowStockThreshold | B5: 25

Sheet Inventory
A1: SKU | B1: Category | C1: Description | D1: UnitCostUSD | E1: OnHandQty | F1: ReorderQty | G1: TargetPriceUSD | H1: TaxedPriceUSD | I1: TargetPriceEUR | J1: LowStockFlag
A2: SKU-1001 | B2: Software | C2: Item 1 | D2: 138.48 | E2: 103 | F2: 77 | G2: =D2*(1+Assumptions!$B$2) | H2: =G2*(1+Assumptions!$B$3) | I2: =G2*Assumptions!$B$4 | J2: =IF(E2<Assumptions!$B$5,"LOW","OK")
A3: SKU-1002 | B3: Software | C3: Item 2 | D3: 240.6 | E3: 133 | F3: 55 | G3: =D3*(1+Assumptions!$B$2) | H3: =G3*(1+Assumptions!$B$3) | I3: =G3*Assumptions!$B$4 | J3: =IF(E3<Assumptions!$B$5,"LOW","OK")
A4: SKU-1003 | B4: Software | C4: Item 3 | D4: 188.4 | E4: 134 | F4: 62 | G4: =D4*(1+Assumptions!$B$2) | H4: =G4*(1+Assumptions!$B$3) | I4: =G4*Assumptions!$B$4 | J4: =IF(E4<Assumptions!$B$5,"LOW","OK")
A5: SKU-1004 | B5: Accessory | C5: Item 4 | D5: 126.78 | E5: 127 | F5: 26 | G5: =D5*(1+Assumptions!$B$2) | H5: =G5*(1+Assumptions!$B$3) | I5: =G5*Assumptions!$B$4 | J5: =IF(E5<Assumptions!$B$5,"LOW","OK")
A6: SKU-1005 | B6: Hardware | C6: Item 5 | D6: 53.31 | E6: 94 | F6: 48 | G6: =D6*(1+Assumptions!$B$2) | H6: =G6*(1+Assumptions!$B$3) | I6: =G6*Assumptions!$B$4 | J6: =IF(E6<Assumptions!$B$5,"LOW","OK")
A7: SKU-1006 | B7: Hardware | C7: Item 6 | D7: 151.89 | E7: 105 | F7: 58 | G7: =D7*(1+Assumptions!$B$2) | H7: =G7*(1+Assumptions!$B$3) | I7: =G7*Assumptions!$B$4 | J7: =IF(E7<Assumptions!$B$5,"LOW","OK")
A8: SKU-1007 | B8: Software | C8: Item 7 | D8: 76.28 | E8: 6 | F8: 50 | G8: =D8*(1+Assumptions!$B$2) | H8: =G8*(1+Assumptions!$B$3) | I8: =G8*Assumptions!$B$4 | J8: =IF(E8<Assumptions!$B$5,"LOW","OK")
A9: SKU-1008 | B9: Software | C9: Item 8 | D9: 51.28 | E9: 4 | F9: 37 | G9: =D9*(1+Assumptions!$B$2) | H9: =G9*(1+Assumptions!$B$3) | I9: =G9*Assumptions!$B$4 | J9: =IF(E9<Assumptions!$B$5,"LOW","OK")
A10: SKU-1009 | B10: Software | C10: Item 9 | D10: 194.22 | E10: 37 | F10: 67 | G10: =D10*(1+Assumptions!$B$2) | H10: =G10*(1+Assumptions!$B$3) | I10: =G10*Assumptions!$B$4 | J10: =IF(E10<Assumptions!$B$5,"LOW","OK")
A11: SKU-1010 | B11: Accessory | C11: Item 10 | D11: 162.97 | E11: 77 | F11: 60 | G11: =D11*(1+Assumptions!$B$2) | H11: =G11*(1+Assumptions!$B$3) | I11: =G11*Assumptions!$B$4 | J11: =IF(E11<Assumptions!$B$5,"LOW","OK")
A12: SKU-1011 | B12: Accessory | C12: Item 11 | D12: 37.29 | E12: 58 | F12: 66 | G12: =D12*(1+Assumptions!$B$2) | H12: =G12*(1+Assumptions!$B$3) | I12: =G12*Assumptions!$B$4 | J12: =IF(E12<Assumptions!$B$5,"LOW","OK")
A13: SKU-1012 | B13: Consumable | C13: Item 12 | D13: 122.72 | E13: 119 | F13: 69 | G13: =D13*(1+Assumptions!$B$2) | H13: =G13*(1+Assumptions!$B$3) | I13: =G13*Assumptions!$B$4 | J13: =IF(E13<Assumptions!$B$5,"LOW","OK")
... A51: SKU-1050 | B51: Hardware | C51: Item 50 | D51: 110.03 | E51: 110 | F51: 29 | G51: =D51*(1+Assumptions!$B$2) | H51: =G51*(1+Assumptions!$B$3) | I51: =G51*Assumptions!$B$4 | J51: =IF(E51<Assumptions!$B$5,"LOW","OK")

Sheet Transactions
A1: TxnID | B1: Date | C1: SKU | D1: Direction | E1: Qty | F1: UnitCostUSD | G1: SignedQty | H1: SignedValue
A2: TX-0001 | B2: 45820 | C2: SKU-1008 | D2: OUT | E2: 16 | F2: 244.63 | G2: =IF(D2="IN",E2,-E2) | H2: =G2*F2
A3: TX-0002 | B3: 45882 | C3: SKU-1038 | D3: OUT | E3: 8 | F3: 122.66 | G3: =IF(D3="IN",E3,-E3) | H3: =G3*F3
A4: TX-0003 | B4: 45757 | C4: SKU-1016 | D4: IN | E4: 13 | F4: 108.67 | G4: =IF(D4="IN",E4,-E4) | H4: =G4*F4
A5: TX-0004 | B5: 45827 | C5: SKU-1025 | D5: IN | E5: 11 | F5: 41.48 | G5: =IF(D5="IN",E5,-E5) | H5: =G5*F5
A6: TX-0005 | B6: 45992 | C6: SKU-1010 | D6: IN | E6: 4 | F6: 22.36 | G6: =IF(D6="IN",E6,-E6) | H6: =G6*F6
A7: TX-0006 | B7: 46012 | C7: SKU-1010 | D7: OUT | E7: 16 | F7: 224.35 | G7: =IF(D7="IN",E7,-E7) | H7: =G7*F7
A8: TX-0007 | B8: 45662 | C8: SKU-1019 | D8: IN | E8: 1 | F8: 118.86 | G8: =IF(D8="IN",E8,-E8) | H8: =G8*F8
A9: TX-0008 | B9: 46003 | C9: SKU-1043 | D9: OUT | E9: 22 | F9: 172.04 | G9: =IF(D9="IN",E9,-E9) | H9: =G9*F9
A10: TX-0009 | B10: 45788 | C10: SKU-1007 | D10: IN | E10: 2 | F10: 42.97 | G10: =IF(D10="IN",E10,-E10) | H10: =G10*F10
A11: TX-0010 | B11: 45677 | C11: SKU-1001 | D11: IN | E11: 19 | F11: 22.42 | G11: =IF(D11="IN",E11,-E11) | H11: =G11*F11
A12: TX-0011 | B12: 45865 | C12: SKU-1032 | D12: IN | E12: 26 | F12: 44.14 | G12: =IF(D12="IN",E12,-E12) | H12: =G12*F12
A13: TX-0012 | B13: 45957 | C13: SKU-1034 | D13: IN | E13: 9 | F13: 149.16 | G13: =IF(D13="IN",E13,-E13) | H13: =G13*F13
... A121: TX-0120 | B121: 45914 | C121: SKU-1037 | D121: IN | E121: 11 | F121: 192.59 | G121: =IF(D121="IN",E121,-E121) | H121: =G121*F121

Sheet Summary
A1: Metric | B1: Value
A2: Total SKUs | B2: =COUNTA(Inventory!A2:A51)
A3: Total On Hand | B3: =SUM(Inventory!E2:E51)
A4: Low Stock Count | B4: =COUNTIF(Inventory!J2:J51,"LOW")
A5: Inventory Cost Value | B5: =SUMPRODUCT(Inventory!D2:D51,Inventory!E2:E51)
A6: Net Transaction Qty | B6: =SUM(Transactions!G2:G121)
A7: Net Transaction Value | B7: =SUM(Transactions!H2:H121)
